explanations,support,score,gt-score,2nd-inf(%),gt-inf(%),new-acc
"[""age=1"", ""gender=0""]",5.0,1.1505784267666819,0.7772538764402248,0.6091964140820444,0.41153237653635527,0.75
"[""credit_hist=2"", ""job=2"", ""savings=0"", ""telephone=1""]",5.875,0.5482464349201606,0.4041629783967689,0.3410788534181915,0.251440659683863,0.745
"[""job=2"", ""num_liable=1"", ""property=2"", ""status=0""]",5.0,0.5205227460344997,0.35110640805214643,0.2756010220211252,0.18590020442819283,0.74
"[""age=1"", ""foreign_worker=1"", ""housing_A152=1"", ""job=2""]",7.124999999999999,0.5125051607895975,0.3606361287989115,0.38668223383628525,0.2720979115043164,0.75
"[""credit_amt=2"", ""debtors=0"", ""foreign_worker=1"", ""job=3""]",5.625,0.4759316660147306,0.21848019460837007,0.2834903208088256,0.13013847340425644,0.76
